Timestamp,"Please rank the following code names, with ""1st"" being your favorite, ""2nd"" being your second favorite, etc. [odin]","Please rank the following code names, with ""1st"" being your favorite, ""2nd"" being your second favorite, etc. [king midas]","Please rank the following code names, with ""1st"" being your favorite, ""2nd"" being your second favorite, etc. [core]","Please rank the following code names, with ""1st"" being your favorite, ""2nd"" being your second favorite, etc. [mercury]","Please rank the following code names, with ""1st"" being your favorite, ""2nd"" being your second favorite, etc. [cepheus]","Please rank the following code names, with ""1st"" being your favorite, ""2nd"" being your second favorite, etc. [trust api]","Please rank the following code names, with ""1st"" being your favorite, ""2nd"" being your second favorite, etc. [magnolia]","Please rank the following code names, with ""1st"" being your favorite, ""2nd"" being your second favorite, etc. [zuul]","Please rank the following code names, with ""1st"" being your favorite, ""2nd"" being your second favorite, etc. [orion]","Please rank the following code names, with ""1st"" being your favorite, ""2nd"" being your second favorite, etc. [white lotus]","Please rank the following code names, with ""1st"" being your favorite, ""2nd"" being your second favorite, etc. [prime stack]","Please rank the following code names, with ""1st"" being your favorite, ""2nd"" being your second favorite, etc. [hikyaku]","Please rank the following code names, with ""1st"" being your favorite, ""2nd"" being your second favorite, etc. [ace-of-spades]","Please rank the following code names, with ""1st"" being your favorite, ""2nd"" being your second favorite, etc. [caboose]","Please rank the following code names, with ""1st"" being your favorite, ""2nd"" being your second favorite, etc. [helio]","Please rank the following code names, with ""1st"" being your favorite, ""2nd"" being your second favorite, etc. [hades]","Please rank the following code names, with ""1st"" being your favorite, ""2nd"" being your second favorite, etc. [maestro]","Please rank the following code names, with ""1st"" being your favorite, ""2nd"" being your second favorite, etc. [jarvis]","Please rank the following code names, with ""1st"" being your favorite, ""2nd"" being your second favorite, etc. [appa]"
2020/10/27 2:49:25 PM CST,4th,,,,,,,6th,,1st,,,9th,8th,10th,3rd,7th,5th,2nd
2020/10/27 2:54:18 PM CST,8th,2nd,16th,4th,,12th,5th,9th,3rd,,11th,19th,14th,1st,10th,,7th,6th,13th
2020/10/27 2:54:23 PM CST,3rd,19th,2nd,10th,11th,1st,16th,7th,5th,17th,4th,12th,14th,13th,9th,15th,18th,6th,8th
2020/10/27 2:57:13 PM CST,,,,5th,,,3rd,6th,1st,,,7th,,,4th,,,2nd,
2020/10/27 3:01:37 PM CST,6th,15th,13th,1st,16th,18th,8th,4th,10th,5th,17th,3rd,19th,12th,11th,2nd,7th,14th,9th
2020/10/27 3:01:45 PM CST,9th,16th,19th,12th,10th,,11th,1st,2nd,14th,17th,13th,18th,8th,15th,7th,4th,6th,3rd
2020/10/27 3:05:42 PM CST,4th,12th,9th,14th,1st,18th,15th,8th,7th,16th,13th,3rd,,19th,6th,5th,11th,2nd,17th
2020/10/27 3:15:14 PM CST,,,,6th,1st,,,,5th,7th,,3rd,,9th,2nd,4th,8th,,
2020/10/27 3:16:06 PM CST,2nd,8th,15th,7th,4th,13th,12th,18th,6th,1st,11th,3rd,17th,9th,,5th,19th,10th,16th
2020/10/27 3:42:21 PM CST,3rd,13th,19th,9th,16th,17th,10th,4th,8th,5th,18th,1st,12th,15th,11th,2nd,14th,6th,7th
2020/10/27 3:50:11 PM CST,4th,,,,,,1st,,5th,,,3rd,,,6th,,,,2nd
2020/10/27 7:16:41 PM CST,4th,,3rd,1st,,,,,,,,,,,,,,2nd,
2020/10/28 7:26:16 AM CST,3rd,,1st,6th,,,,,7th,10th,,,,4th,2nd,,8th,5th,9th
2020/10/28 10:10:32 AM CST,,,1st,,,2nd,,,,,3rd,,,,,,,,